{"cameraMode":{"drawMode":0,"name":"Shaded","section":"Shading Mode"},"sceneLighting":false,"audioPlay":false,"sceneViewState":{"m_AlwaysRefresh":false,"showFog":true,"showSkybox":false,"showFlares":true,"showImageEffects":true,"showParticleSystems":true,"showVisualEffectGraphs":true,"m_FxEnabled":true},"in2DMode":false,"pivot":{"x":0.1599999964237213,"y":0.11116385459899903,"z":6.866312026977539},"rotation":{"x":0.41050684452056887,"y":0.12608924508094788,"z":-0.057430628687143329,"w":0.9012705087661743},"size":0.7327084541320801,"orthographic":false}